transaction_id,customer_id,date,type,amount,description
B10000,C1049,2024-08-12,withdrawal,250.4,Expert cell style believe tough wait candidate under.
B10001,C1065,2024-03-27,withdrawal,2054.42,Society foot knowledge report national.
B10002,C1038,2025-04-11,withdrawal,1822.34,How artist gas this.
B10003,C1027,2025-05-18,transfer,739.4,Unit operation foreign loss manage each.
B10004,C1017,2025-07-10,deposit,3110.93,General college bed everybody.
B10005,C1032,2024-08-23,transfer,4914.79,Social per civil.
B10006,C1077,2023-12-21,deposit,1585.23,Yourself front season suddenly really social standard.
B10007,C1093,2024-04-01,deposit,4499.25,Exist identify agency toward specific car stand.
B10008,C1087,2024-05-15,withdrawal,2387.11,Parent majority know participant traditional.
B10009,C1012,2024-07-20,withdrawal,2199.15,Federal condition officer.
B10010,C1078,2025-05-25,transfer,4569.4,Back ten mention laugh.
B10011,C1070,2025-05-28,withdrawal,2241.33,Politics catch information where car usually growth.
B10012,C1066,2024-12-04,withdrawal,358.28,Spend behavior both long.
B10013,C1070,2025-08-05,deposit,511.7,Agree tax form great education.
B10014,C1051,2025-08-08,transfer,4132.98,See we find knowledge treatment development serious.
B10015,C1085,2025-04-03,transfer,55.66,Address star role yard son speech Democrat.
B10016,C1063,2024-11-13,withdrawal,1257.36,Family clear risk exactly speak water.
B10017,C1041,2024-06-02,transfer,4358.83,Child speech represent performance cold if.
B10018,C1024,2025-02-02,transfer,1147.43,Statement unit in baby.
B10019,C1018,2024-11-18,transfer,2267.45,Movie democratic score world respond.
B10020,C1010,2025-05-11,withdrawal,4381.68,Significant specific city paper.
B10021,C1062,2024-12-18,deposit,1542.16,Them just employee.
B10022,C1037,2024-10-23,transfer,667.81,Management admit any could.
B10023,C1042,2024-09-19,transfer,1055.85,Minute offer yeah because head.
B10024,C1077,2024-10-30,transfer,2958.7,This per pretty.
B10025,C1056,2025-07-28,deposit,3001.62,Society oil activity include audience white step.
B10026,C1049,2024-05-28,withdrawal,2899.47,Feel chance although address.
B10027,C1037,2025-01-13,deposit,987.49,Training hundred it start now family above ready.
B10028,C1023,2024-08-20,deposit,3083.23,Attack simply protect something camera himself compare.
B10029,C1084,2024-02-20,withdrawal,2408.83,Blue tend house staff commercial herself prove.
B10030,C1011,2025-01-04,transfer,3800.14,Million type speech other question indeed.
B10031,C1019,2024-10-05,deposit,4220.18,Answer stock full road nothing defense customer family.
B10032,C1089,2024-05-11,transfer,3433.32,Run some Congress result every war.
B10033,C1090,2025-05-14,transfer,1414.39,Series window tax marriage.
B10034,C1030,2025-05-10,deposit,4480.44,Size improve hit nice kind performance.
B10035,C1075,2025-05-27,withdrawal,2919.49,Try poor modern democratic human difference.
B10036,C1057,2025-03-22,withdrawal,3318.21,Music check close agreement.
B10037,C1089,2023-11-30,withdrawal,457.75,People point month smile.
B10038,C1078,2024-10-31,deposit,2457.9,Eight she hand and democratic know.
B10039,C1080,2024-12-22,withdrawal,4233.13,Single technology similar seem operation.
B10040,C1031,2024-01-31,deposit,3670.87,Program reason environmental he family yet.
B10041,C1014,2025-02-25,transfer,1141.28,Grow crime future drop.
B10042,C1021,2025-06-09,withdrawal,2159.35,Could her movement edge collection.
B10043,C1007,2024-05-29,deposit,3926.44,Agree move analysis its body source.
B10044,C1089,2024-02-06,deposit,273.91,Feel beat why matter instead need conference.
B10045,C1073,2025-05-14,transfer,4554.58,Expert suggest school far.
B10046,C1068,2024-09-14,transfer,3418.92,East trouble two oil drive.
B10047,C1003,2024-09-07,deposit,3193.25,Group environmental foreign threat billion.
B10048,C1077,2023-12-21,transfer,642.49,Stage goal can value leave should five.
B10049,C1011,2024-12-19,withdrawal,4177.53,Machine exist improve son less.
B10050,C1014,2024-01-18,deposit,3047.25,Several than discuss personal.
B10051,C1024,2024-07-29,deposit,3604.66,Water while woman travel not identify score model.
B10052,C1061,2024-02-26,deposit,3649.42,Clear prepare wear movement certainly.
B10053,C1007,2024-06-07,transfer,162.77,Member it chance our they will consider.
B10054,C1054,2025-01-26,transfer,552.43,Friend bill fire.
B10055,C1033,2025-07-26,deposit,1143.1,Bill seat no type save.
B10056,C1082,2024-09-07,withdrawal,1783.96,Past two management friend pattern decade plant.
B10057,C1023,2024-07-12,deposit,2543.0,Mention future yard tough employee.
B10058,C1005,2025-05-02,transfer,549.56,Sound late camera provide.
B10059,C1050,2024-08-09,deposit,1337.66,Write friend kitchen gas fly.
B10060,C1093,2024-03-09,withdrawal,4199.72,Room with travel responsibility cut hour.
B10061,C1072,2025-01-03,deposit,3503.6,Mrs hundred owner nation this fire its behavior.
B10062,C1026,2023-12-09,deposit,3953.81,Prevent news white.
B10063,C1020,2025-04-10,deposit,1744.45,Drug north shake property fish plan.
B10064,C1032,2025-01-03,deposit,3004.12,Again leave plan high civil.
B10065,C1056,2025-08-11,transfer,915.36,Action tend coach yard treat begin should.
B10066,C1060,2025-02-02,transfer,2079.03,Ten many fine so say.
B10067,C1072,2024-10-23,transfer,4591.68,World show market understand media successful.
B10068,C1083,2023-10-11,withdrawal,1973.78,Candidate defense discussion cell among.
B10069,C1084,2024-11-10,withdrawal,809.39,Operation risk past law.
B10070,C1088,2024-08-17,deposit,2316.87,Add pattern player personal which reflect.
B10071,C1010,2024-02-13,withdrawal,3708.13,Particular network pull organization.
B10072,C1069,2025-04-13,withdrawal,717.45,Leader note understand.
B10073,C1097,2024-03-25,withdrawal,1793.52,Production scene start of wind white message.
B10074,C1036,2024-08-19,transfer,1828.05,Billion onto find read respond tend sea.
B10075,C1081,2025-05-23,transfer,705.1,Subject yet forget open.
B10076,C1039,2024-11-08,withdrawal,3755.01,Number property view adult financial.
B10077,C1083,2024-08-27,deposit,57.54,Might trade matter door.
B10078,C1024,2025-06-29,transfer,1705.29,Feeling two customer season owner traditional fill.
B10079,C1030,2023-09-14,deposit,3205.13,Simply wait similar blood really child lead.
B10080,C1048,2025-05-27,transfer,4383.35,Everything true water short report necessary.
B10081,C1072,2024-08-20,withdrawal,206.15,Else behind upon young need simply growth.
B10082,C1089,2025-07-03,transfer,2120.22,Growth himself game will third and.
B10083,C1084,2024-09-28,transfer,281.56,Five establish per floor world.
B10084,C1057,2024-05-31,deposit,1333.17,Space store community.
B10085,C1020,2025-08-01,withdrawal,2661.49,Far enough ability citizen girl do them answer.
B10086,C1062,2024-08-13,transfer,3039.69,Position out already agent actually whose.
B10087,C1000,2024-02-14,deposit,2498.18,Let receive scene no.
B10088,C1039,2024-03-26,withdrawal,296.79,Case action institution produce.
B10089,C1053,2025-06-06,deposit,2765.38,Expect attention loss full free another mind kind.
B10090,C1081,2025-03-05,deposit,4195.37,Question him amount.
B10091,C1016,2025-07-16,deposit,2038.99,Resource box during star much.
B10092,C1086,2024-05-03,withdrawal,1615.08,Sometimes drive manage management.
B10093,C1027,2024-01-20,deposit,3600.75,Energy although well far summer game ever.
B10094,C1000,2024-07-02,transfer,2665.31,Arrive third quite.
B10095,C1012,2023-11-19,deposit,638.57,You out thus close.
B10096,C1083,2023-10-05,deposit,4374.59,Various watch choice cause natural imagine affect.
B10097,C1035,2024-04-13,transfer,4893.65,Single share down try happen show.
B10098,C1012,2024-05-25,withdrawal,4276.99,Worry put he ask.
B10099,C1050,2024-01-26,transfer,452.66,Water offer son defense modern outside.
B10100,C1035,2025-09-01,withdrawal,4009.13,Six born old nice per pattern group.
B10101,C1014,2024-08-31,withdrawal,710.43,Land house growth fish else.
B10102,C1066,2025-05-09,transfer,3242.46,From side hear health.
B10103,C1014,2025-07-09,deposit,1428.13,Standard increase deal citizen least organization.
B10104,C1002,2025-01-26,deposit,251.28,Reflect she half air important truth speak behind.
B10105,C1087,2023-10-13,withdrawal,2813.86,Face ready issue that party identify.
B10106,C1046,2024-09-13,transfer,4553.76,Outside work upon article compare television fly.
B10107,C1005,2024-09-28,transfer,4807.95,Last offer hope responsibility eight west leader side.
B10108,C1077,2024-09-09,transfer,2497.7,Meet despite nothing agreement receive even.
B10109,C1082,2024-06-19,withdrawal,3218.7,Television perhaps where.
B10110,C1047,2024-02-26,transfer,932.53,Determine someone hit.
B10111,C1048,2025-07-02,transfer,1490.63,Reveal player soon current by.
B10112,C1017,2024-07-02,deposit,1393.3,Station than western lose throughout statement like.
B10113,C1043,2025-03-13,withdrawal,3606.57,Air out price interest.
B10114,C1043,2024-04-30,transfer,226.54,Face material however you.
B10115,C1034,2024-03-08,deposit,789.61,Space water realize market walk also traditional.
B10116,C1074,2025-04-01,withdrawal,1836.49,Dark factor tell billion establish character.
B10117,C1070,2024-02-12,deposit,1502.36,Candidate girl their or city.
B10118,C1061,2023-11-23,transfer,1236.55,Your education expert control.
B10119,C1006,2024-04-06,withdrawal,938.95,War he including free other modern end.
B10120,C1066,2023-11-25,transfer,400.77,Visit speak ahead rock parent some three.
B10121,C1051,2024-12-02,withdrawal,1531.17,Budget instead property or their.
B10122,C1013,2025-07-10,deposit,2826.11,Gas right yes American call statement specific.
B10123,C1061,2024-06-18,withdrawal,1718.55,Might wish street space human want.
B10124,C1043,2025-03-10,deposit,2421.48,Bit network deep politics.
B10125,C1089,2024-07-11,withdrawal,2161.35,American tonight try PM.
B10126,C1038,2024-02-11,withdrawal,3687.02,Now population in full billion rise.
B10127,C1019,2025-05-03,deposit,3152.37,Event under same commercial.
B10128,C1048,2025-08-12,transfer,480.26,Itself tax activity mission industry skin.
B10129,C1010,2024-10-02,deposit,3761.85,Speech pattern surface play.
B10130,C1007,2024-05-18,withdrawal,88.86,Meeting material deep anything town.
B10131,C1050,2023-11-26,transfer,2619.07,It big also foreign boy.
B10132,C1057,2024-04-09,withdrawal,3952.03,Drive small smile assume.
B10133,C1091,2024-07-03,transfer,1125.41,Chance foot candidate case research approach live.
B10134,C1010,2024-11-04,withdrawal,1139.68,Interesting easy perhaps best company.
B10135,C1033,2024-04-19,transfer,3896.65,Last dark power energy.
B10136,C1055,2024-09-09,deposit,1824.68,Source protect owner strategy identify.
B10137,C1008,2024-08-01,transfer,186.71,Hospital capital others majority something.
B10138,C1067,2024-12-18,withdrawal,3774.57,Radio not account land why thought.
B10139,C1025,2024-07-06,deposit,2510.58,Eye fire growth alone until.
B10140,C1032,2025-04-08,deposit,3222.94,Occur person social.
B10141,C1027,2025-04-06,transfer,774.45,Apply western feeling.
B10142,C1025,2024-05-17,withdrawal,1921.26,Too high inside.
B10143,C1069,2025-05-12,deposit,568.49,Son and give.
B10144,C1076,2025-05-19,withdrawal,784.59,Per second add picture.
B10145,C1051,2025-01-04,transfer,3415.65,Strong senior alone option.
B10146,C1066,2024-07-18,withdrawal,3412.63,Beyond Congress television never discuss.
B10147,C1041,2025-08-16,withdrawal,4991.01,Trial hundred anything morning surface the candidate reality.
B10148,C1081,2025-01-27,transfer,4379.76,At direction share budget its pull inside.
B10149,C1069,2024-12-18,transfer,4660.0,Near need recently hospital red.
B10150,C1001,2025-04-01,withdrawal,3542.69,Speak answer fill on program others sort.
B10151,C1095,2024-05-17,withdrawal,4099.69,Discuss ask team maybe future stay rich.
B10152,C1004,2024-03-07,transfer,784.42,Its factor herself sea worker store successful.
B10153,C1032,2024-04-25,transfer,3931.62,Crime drug wall clearly defense.
B10154,C1048,2025-05-11,transfer,1507.19,Term each mission hair tell one live.
B10155,C1090,2025-02-11,withdrawal,378.48,World police space specific.
B10156,C1010,2024-03-26,transfer,4351.03,Hope current page.
B10157,C1005,2025-05-06,deposit,1164.2,Indeed four interview return.
B10158,C1005,2023-10-04,withdrawal,125.66,Under product occur add beat.
B10159,C1057,2023-12-29,withdrawal,4316.42,Worry door tonight rise interesting measure value two.
B10160,C1019,2024-03-12,transfer,2330.64,Especially per east actually.
B10161,C1047,2025-03-12,transfer,1942.05,Kid feeling moment.
B10162,C1067,2024-06-24,transfer,216.41,Space wife present although president across human.
B10163,C1011,2023-11-13,transfer,3981.02,Ago question left meeting else help.
B10164,C1066,2024-08-04,transfer,4953.14,Where close democratic body my behind design.
B10165,C1095,2025-04-22,withdrawal,4533.61,Type focus discuss our five purpose everything.
B10166,C1026,2023-11-09,withdrawal,2700.31,One sort blue since long economic tough also.
B10167,C1076,2024-10-16,withdrawal,4137.2,System involve require region.
B10168,C1061,2025-04-24,withdrawal,3056.78,Feel wear official area agency.
B10169,C1029,2025-04-22,deposit,3302.07,Speech lawyer west particularly everything former.
B10170,C1000,2024-06-19,transfer,950.75,At kid box run.
B10171,C1064,2023-12-31,transfer,1309.57,Full describe economy goal.
B10172,C1008,2024-06-03,withdrawal,4306.42,Medical science mind through as.
B10173,C1038,2025-01-24,withdrawal,1951.59,Product usually office represent least available.
B10174,C1049,2023-11-19,deposit,860.79,Structure chair same impact no almost international.
B10175,C1016,2024-04-09,deposit,1471.09,Base play kitchen try.
B10176,C1042,2025-08-12,deposit,4712.22,Country program prove very street know rich medical.
B10177,C1061,2023-12-17,withdrawal,747.48,Music rest until new enter message reason.
B10178,C1077,2024-04-10,transfer,454.02,Capital cover feel debate family among.
B10179,C1089,2024-08-06,deposit,4060.93,Reality action coach billion industry themselves especially.
B10180,C1045,2024-07-10,withdrawal,224.14,Government choice before Democrat among hotel service.
B10181,C1059,2024-04-06,withdrawal,2321.47,Writer mean series nothing nothing sit.
B10182,C1012,2025-05-04,withdrawal,3901.83,Day claim contain discuss bad.
B10183,C1002,2024-02-29,deposit,3011.59,However picture agree pass report through.
B10184,C1016,2025-01-24,transfer,1653.36,Note fear him.
B10185,C1089,2024-12-22,transfer,3262.51,Become leader difference ok some group.
B10186,C1024,2024-08-26,withdrawal,3927.91,Financial scientist sign attention provide.
B10187,C1099,2024-08-05,withdrawal,599.43,Manager major newspaper rock mind.
B10188,C1007,2024-01-06,transfer,3519.05,Writer modern available include.
B10189,C1078,2025-07-15,transfer,4672.88,Well condition not who future people.
B10190,C1083,2025-03-09,deposit,4848.95,Quality information citizen without Mrs such job.
B10191,C1091,2025-04-30,transfer,1517.11,Ability wide attention fact level never view people.
B10192,C1016,2025-01-21,withdrawal,4006.74,Decision TV industry goal position.
B10193,C1095,2025-04-29,transfer,4917.82,Thousand ask possible decide career professor experience.
B10194,C1015,2023-11-04,transfer,4309.14,Role their once should.
B10195,C1024,2025-02-20,deposit,3921.46,Wear southern lot consider stay throughout itself.
B10196,C1056,2024-04-24,withdrawal,3795.25,Answer treatment another institution whose before.
B10197,C1058,2024-06-20,withdrawal,3958.32,Others bring wait community paper attack edge.
B10198,C1009,2023-12-25,deposit,4514.54,Seven woman throughout describe political traditional.
B10199,C1005,2025-01-26,withdrawal,1314.16,Article last forward.
B10200,C1003,2025-01-16,transfer,3349.23,Article probably answer argue.
B10201,C1073,2024-02-27,deposit,1186.79,Should enough act end value new.
B10202,C1099,2023-11-04,transfer,3908.01,Rise pick suggest woman suggest question.
B10203,C1089,2025-07-15,transfer,2129.55,Six night whether model citizen government big increase.
B10204,C1039,2024-07-27,deposit,771.17,Effect check head huge standard turn spring.
B10205,C1072,2024-07-16,withdrawal,4618.26,All evening process of run firm sell.
B10206,C1013,2023-10-15,withdrawal,361.47,Against some foreign.
B10207,C1053,2025-01-04,deposit,3684.68,Expect level window blood.
B10208,C1003,2024-03-02,withdrawal,2183.88,Even side over role score.
B10209,C1053,2025-07-27,deposit,2508.29,Name have TV environment.
B10210,C1041,2024-06-12,transfer,1300.3,Artist fact year.
B10211,C1045,2024-06-10,deposit,650.82,Test according majority determine away.
B10212,C1088,2024-05-29,deposit,1759.95,Produce class PM do network expert relationship.
B10213,C1022,2025-04-16,deposit,4159.84,Around ground left north while measure.
B10214,C1029,2025-08-12,withdrawal,399.06,Whose thus goal test finish responsibility.
B10215,C1018,2025-02-25,deposit,66.0,Peace the agency to sell positive blood home.
B10216,C1084,2024-06-19,transfer,3673.9,Car thousand very well religious.
B10217,C1015,2025-07-21,transfer,85.56,Report reason country debate son.
B10218,C1047,2025-06-15,transfer,172.02,Consumer any space what practice.
B10219,C1077,2025-08-06,deposit,4302.92,Skill nature another check.
B10220,C1023,2024-06-06,withdrawal,606.34,Indeed feel should whose into color later.
B10221,C1044,2023-12-19,transfer,4797.9,Cause music picture first air thousand certain.
B10222,C1016,2024-06-06,deposit,4834.27,Professor business true guy answer recognize.
B10223,C1046,2025-07-11,withdrawal,2393.18,Them particularly admit live down daughter trip.
B10224,C1037,2025-05-12,withdrawal,4688.78,Cup he father evidence question fund arrive clearly.
B10225,C1070,2023-11-02,transfer,1668.57,Turn time certainly lay you provide.
B10226,C1075,2024-05-04,deposit,557.77,Hear bank main.
B10227,C1074,2023-09-08,withdrawal,824.2,Money purpose TV between camera.
B10228,C1018,2024-09-07,deposit,4031.73,Note fight hit thank most of up.
B10229,C1040,2024-12-08,transfer,1252.05,Left condition course measure.
B10230,C1096,2023-10-08,deposit,1490.74,Likely machine environmental pressure treatment law past.
B10231,C1053,2024-10-29,transfer,278.97,Set offer present pretty.
B10232,C1016,2024-08-15,transfer,151.72,They environment different some another run wall.
B10233,C1009,2024-05-14,transfer,412.4,Magazine paper age physical current note.
B10234,C1053,2024-05-20,withdrawal,2776.35,Reality size move red join.
B10235,C1094,2025-08-18,deposit,2975.83,Trouble you eight describe pattern hard however sign.
B10236,C1038,2025-02-09,transfer,1805.09,Space majority bit instead smile happen.
B10237,C1031,2025-06-18,withdrawal,3182.26,Green wife in end decade leader.
B10238,C1081,2024-02-16,transfer,336.39,First heart two data.
B10239,C1052,2024-07-29,deposit,2115.27,Various picture rule poor information.
B10240,C1093,2023-12-02,withdrawal,2234.42,Debate fear degree.
B10241,C1047,2025-08-26,withdrawal,4764.09,Day dog receive wife.
B10242,C1011,2025-01-10,deposit,3992.76,Fall spring choose power management sell.
B10243,C1035,2024-09-14,deposit,2813.0,At film kitchen environment method myself cell summer.
B10244,C1088,2025-02-17,deposit,3988.5,Figure continue food whom fast late.
B10245,C1057,2025-06-25,withdrawal,967.63,Concern law enough information which join.
B10246,C1053,2023-10-20,withdrawal,914.95,Throughout tax gas any manager political.
B10247,C1058,2024-08-08,withdrawal,4688.67,Your story teacher exist.
B10248,C1018,2025-07-16,withdrawal,2339.06,Perhaps such those position wrong.
B10249,C1081,2024-05-29,deposit,2442.28,Wind include allow must point great tonight.
B10250,C1026,2024-12-05,withdrawal,59.12,War partner determine response wide method movie.
B10251,C1089,2024-12-15,withdrawal,3112.74,Then rate measure brother approach five anything.
B10252,C1000,2025-02-16,deposit,1527.87,Meet adult prepare son.
B10253,C1098,2024-12-19,transfer,1540.74,Economy evening same trouble development class.
B10254,C1077,2025-08-21,deposit,2149.83,Walk school word year establish.
B10255,C1096,2024-05-28,withdrawal,508.14,Tv response chance small create.
B10256,C1063,2024-02-09,deposit,2741.52,Page strong term main feeling bag season short.
B10257,C1051,2025-03-10,withdrawal,3178.72,Despite approach beautiful late find.
B10258,C1002,2024-06-21,deposit,1386.89,Development nice most participant town.
B10259,C1085,2024-05-12,deposit,51.25,Hard movement similar certainly little talk.
B10260,C1050,2025-07-17,transfer,4458.28,Money something move race special away.
B10261,C1090,2023-11-14,withdrawal,2250.69,And together detail measure green.
B10262,C1095,2024-07-01,withdrawal,1801.42,Give test black scientist me one like.
B10263,C1096,2025-04-26,transfer,4548.43,Myself improve include interesting need.
B10264,C1076,2024-03-10,deposit,225.48,With team front mother.
B10265,C1033,2025-01-18,withdrawal,2691.51,Management common popular project only.
B10266,C1015,2024-10-11,transfer,4304.29,Light within better those ability serve least.
B10267,C1097,2024-10-20,deposit,387.06,Anything western Congress step you.
B10268,C1037,2025-07-22,withdrawal,2623.18,Pm charge or put upon.
B10269,C1073,2025-02-16,transfer,3154.34,Least building military seem.
B10270,C1068,2024-07-31,deposit,2083.48,Dinner both in sea rest page.
B10271,C1081,2024-10-05,transfer,2046.89,Whose own or white.
B10272,C1099,2023-09-26,withdrawal,1496.66,Mrs budget standard very night federal.
B10273,C1047,2025-08-02,transfer,3162.61,Pass he training one.
B10274,C1020,2024-01-22,deposit,3500.31,Production consider state difference stock.
B10275,C1048,2025-01-01,withdrawal,2975.76,Star head full thing daughter indicate scientist.
B10276,C1017,2024-11-22,transfer,3357.88,Issue long civil anything court many.
B10277,C1045,2023-09-04,transfer,2389.69,Bit mind race born.
B10278,C1053,2023-12-06,deposit,2409.74,Country toward claim civil inside friend.
B10279,C1088,2025-04-15,transfer,1625.29,Push arrive body modern bit.
B10280,C1083,2024-11-12,deposit,2247.71,Peace act very effort.
B10281,C1018,2024-08-23,transfer,2502.84,Modern within finally price stuff north development everything.
B10282,C1079,2023-12-13,deposit,176.46,Coach upon project draw seat true listen.
B10283,C1060,2023-10-19,withdrawal,4448.3,Consider social example state into change treatment figure.
B10284,C1001,2025-02-01,transfer,4895.59,After last join list ever.
B10285,C1087,2025-02-06,deposit,3447.17,Research man former summer.
B10286,C1094,2025-01-25,transfer,2005.82,Summer or like.
B10287,C1046,2024-02-01,deposit,624.95,Mean edge among direction yard trouble smile.
B10288,C1000,2024-09-30,withdrawal,4372.08,Send water happen debate view.
B10289,C1089,2024-01-27,withdrawal,3649.14,Adult represent any despite government reveal.
B10290,C1029,2024-10-22,deposit,3770.49,Event current cost later despite training.
B10291,C1036,2023-11-14,deposit,572.03,Nature realize southern street contain relate require.
B10292,C1058,2024-08-04,transfer,1684.47,Wide card board during training.
B10293,C1021,2024-02-13,withdrawal,2137.46,Education answer blood challenge wonder.
B10294,C1087,2025-07-20,withdrawal,782.7,Religious base service stand measure.
B10295,C1090,2024-02-22,deposit,2644.6,Laugh market stay many.
B10296,C1016,2025-07-05,deposit,4556.44,Interest concern important son participant tree.
B10297,C1056,2025-03-06,withdrawal,3957.22,Recent type rest name.
B10298,C1049,2025-07-07,withdrawal,4043.89,Unit difficult matter police anyone.
B10299,C1049,2024-07-20,transfer,1139.79,Radio less must cut style agreement step test.
B10300,C1025,2025-04-17,withdrawal,4703.17,News through way top.
B10301,C1075,2025-04-22,transfer,296.48,War film Mr different admit break.
B10302,C1049,2025-03-09,deposit,1208.44,Land operation walk according party.
B10303,C1010,2024-03-30,deposit,1849.87,Address agent life true.
B10304,C1095,2023-10-09,transfer,3403.59,Beat yourself find available.
B10305,C1029,2023-10-21,transfer,1522.76,Wonder space particular skin.
B10306,C1011,2025-01-03,transfer,4350.78,Four stop part agency stock window.
B10307,C1096,2025-03-25,withdrawal,3868.58,Rock identify talk ago green stock color.
B10308,C1045,2024-01-28,withdrawal,2318.56,Apply ahead thought side name suddenly.
B10309,C1080,2023-12-29,transfer,2604.82,World reveal stand election affect partner seek up.
B10310,C1083,2023-12-27,transfer,4652.31,Stuff rock foreign pressure maybe.
B10311,C1055,2025-04-25,transfer,2300.28,Mention detail enough suddenly.
B10312,C1032,2024-11-23,transfer,2404.48,Without some effort red forward.
B10313,C1043,2025-05-26,withdrawal,259.06,Event help born baby culture.
B10314,C1006,2025-01-19,deposit,1781.52,Range statement step ever.
B10315,C1037,2024-06-17,transfer,85.29,Kind kid peace sing decision my support.
B10316,C1008,2023-11-15,withdrawal,3418.49,Pass finally onto black trip.
B10317,C1077,2023-09-27,withdrawal,2810.95,Quickly record doctor network.
B10318,C1028,2025-01-19,withdrawal,1004.6,Maybe before far many thing arrive.
B10319,C1077,2024-10-28,deposit,3051.45,Well list per camera much woman anyone.
B10320,C1010,2024-11-16,withdrawal,1648.5,Which who dinner alone body.
B10321,C1058,2024-05-21,withdrawal,1314.72,Generation option lead increase discuss health.
B10322,C1066,2025-06-08,deposit,991.15,Box range forget our rule father whether.
B10323,C1010,2024-10-13,deposit,4356.24,End ball box mother section.
B10324,C1044,2025-07-10,deposit,4194.59,Figure bit data guy.
B10325,C1032,2025-07-18,transfer,3658.68,Health four finally tell.
B10326,C1038,2024-10-06,withdrawal,2608.66,Purpose either hold base.
B10327,C1049,2023-10-17,withdrawal,2436.32,Upon one start.
B10328,C1091,2024-02-26,deposit,270.29,A rich open person explain product civil.
B10329,C1070,2024-09-14,deposit,95.58,Wrong market though.
B10330,C1063,2025-07-03,transfer,2219.08,There question visit race build decision determine.
B10331,C1052,2024-01-01,withdrawal,2329.53,Middle fill far gas career.
B10332,C1015,2024-09-08,deposit,453.31,Mention several home yard.
B10333,C1012,2024-05-30,deposit,2099.36,Left car it large rock.
B10334,C1027,2025-07-27,withdrawal,3083.15,Anything notice season probably office another perform view.
B10335,C1054,2023-09-24,transfer,3786.4,Others throughout attention.
B10336,C1050,2023-09-27,deposit,4796.64,Forward against federal hot here.
B10337,C1031,2025-03-28,withdrawal,1139.25,Seem really successful eat than kitchen.
B10338,C1035,2025-07-18,withdrawal,1632.01,Finish later would challenge notice same.
B10339,C1055,2024-04-09,deposit,2807.42,Per break skin world eat matter shoulder.
B10340,C1036,2024-07-17,transfer,2728.32,Friend attack guy address chair professor everybody.
B10341,C1025,2023-12-10,transfer,1518.37,Class game may television sense.
B10342,C1056,2024-12-04,transfer,3043.12,Without method crime.
B10343,C1068,2024-09-16,transfer,1341.89,Company light data language his few.
B10344,C1029,2024-02-26,deposit,637.71,Might leg increase task.
B10345,C1091,2024-04-01,deposit,904.25,Beat she popular difficult mouth arrive.
B10346,C1053,2024-01-25,deposit,1129.42,Section can draw culture all glass loss.
B10347,C1094,2025-05-07,transfer,81.87,North follow few if available sister.
B10348,C1068,2025-08-16,transfer,2169.93,Policy open size behind section rather check north.
B10349,C1006,2025-05-18,deposit,1954.24,Agency nice probably international fact.
B10350,C1034,2024-05-10,deposit,4857.19,Arrive year event yet form small force.
B10351,C1072,2023-11-05,withdrawal,1186.34,Worker finish now care.
B10352,C1091,2023-10-13,transfer,2755.86,Option enough specific support road.
B10353,C1036,2024-02-23,deposit,3712.35,Son time Democrat deal pattern thing stage.
B10354,C1030,2025-05-29,deposit,2614.86,Ball seat vote wish.
B10355,C1086,2024-06-20,withdrawal,1206.34,Quickly fall third former watch positive.
B10356,C1080,2024-02-01,withdrawal,1469.81,Talk some third positive certain available car more.
B10357,C1021,2024-09-12,deposit,4058.26,One knowledge resource much practice.
B10358,C1070,2025-06-28,transfer,1673.03,Beat support down wide leader indicate.
B10359,C1074,2024-05-14,transfer,175.17,Different stay again partner reality despite director.
B10360,C1016,2025-05-25,withdrawal,818.45,Increase other me television compare certainly anyone drop.
B10361,C1022,2023-11-17,transfer,4956.58,About once whether power court child from month.
B10362,C1017,2024-07-16,deposit,3918.15,Hard because popular hold.
B10363,C1099,2024-10-03,withdrawal,2869.02,Appear yet family represent soon college.
B10364,C1089,2024-06-18,deposit,1214.81,Expect law international couple word during.
B10365,C1016,2023-12-07,deposit,3811.83,City operation might there reason training.
B10366,C1045,2025-04-17,transfer,2975.59,Research water behind.
B10367,C1080,2024-09-10,withdrawal,4509.01,Deal foreign anything mean.
B10368,C1013,2024-03-19,transfer,4177.97,Employee international scene hotel.
B10369,C1067,2023-09-06,transfer,1825.14,Yourself until federal part manager.
B10370,C1058,2024-04-28,withdrawal,112.55,Term management campaign.
B10371,C1028,2025-01-28,transfer,3281.18,Decision dinner physical.
B10372,C1084,2024-02-23,withdrawal,4055.72,Mean item sound left result.
B10373,C1094,2024-12-27,withdrawal,2752.84,Throughout degree question above democratic scientist film.
B10374,C1090,2024-02-18,deposit,1332.83,Newspaper thought must.
B10375,C1077,2024-02-15,withdrawal,3531.92,Fall can former anyone.
B10376,C1040,2025-01-22,withdrawal,1951.26,Most book another chair.
B10377,C1007,2025-07-02,deposit,239.52,Figure kid course risk meeting activity do account.
B10378,C1092,2024-08-07,transfer,4810.37,That thing owner where treat.
B10379,C1043,2024-10-03,withdrawal,3358.74,Hotel firm cold nearly listen act almost describe.
B10380,C1084,2024-03-22,transfer,1168.29,Last total type especially question.
B10381,C1044,2024-11-07,transfer,853.54,Too few know organization information industry.
B10382,C1002,2024-02-05,withdrawal,2889.29,Score sport prepare none.
B10383,C1007,2025-07-17,transfer,3170.67,Matter attention response.
B10384,C1045,2024-06-06,deposit,2480.98,Responsibility forget board term too.
B10385,C1007,2024-08-04,deposit,1245.26,Event whose white him child.
B10386,C1001,2023-12-09,deposit,4730.4,Attention among than.
B10387,C1041,2024-06-11,deposit,4113.74,Level job soon husband ground question himself.
B10388,C1044,2025-01-25,transfer,2142.13,Yet outside now store over book community.
B10389,C1027,2024-01-14,withdrawal,2204.31,Set section identify cause offer three itself.
B10390,C1045,2025-04-07,withdrawal,925.83,Pay marriage model exist data send.
B10391,C1042,2025-02-08,transfer,4934.64,Film image seem rule until rich risk.
B10392,C1095,2024-06-26,withdrawal,1944.21,Fine today around performance red.
B10393,C1052,2025-01-19,withdrawal,2691.84,Book from detail free remember hard.
B10394,C1094,2024-05-02,transfer,3539.43,Base garden soon stop police PM.
B10395,C1097,2025-07-19,deposit,2845.41,Include how participant discover.
B10396,C1015,2024-03-30,withdrawal,4772.07,Personal can expect catch everybody act gun.
B10397,C1021,2025-09-01,deposit,2527.74,Bring reason PM event wait describe four blood.
B10398,C1079,2024-09-18,transfer,2593.98,Figure some guy often control simple call.
B10399,C1093,2024-04-01,transfer,783.43,Suddenly option teach tax.
B10400,C1042,2024-01-10,deposit,4208.68,Increase they hear truth thing store forget.
B10401,C1022,2024-03-22,deposit,4732.49,Better single hundred let believe.
B10402,C1021,2023-10-26,transfer,3949.02,During leader old series along smile receive.
B10403,C1087,2024-06-14,transfer,883.16,Experience sense find physical state condition.
B10404,C1010,2023-09-14,withdrawal,4641.86,Father ago kitchen tax throw provide suffer list.
B10405,C1076,2023-11-05,deposit,3121.53,Let responsibility different.
B10406,C1058,2023-12-11,transfer,792.85,World land possible yeah recently increase music many.
B10407,C1077,2024-08-18,deposit,1299.74,Nothing finally boy while tough reach.
B10408,C1094,2024-08-10,transfer,1913.76,Three let poor understand.
B10409,C1080,2024-01-19,deposit,2506.91,She value in night.
B10410,C1045,2024-05-17,withdrawal,3374.64,Use friend during hot.
B10411,C1058,2023-11-17,deposit,2561.82,City best represent forward also real.
B10412,C1020,2024-04-22,transfer,3777.24,Specific truth one usually type.
B10413,C1043,2024-07-04,withdrawal,4026.45,Require after plan why now father music.
B10414,C1050,2024-06-25,deposit,1588.28,Far large different listen draw.
B10415,C1036,2023-09-17,transfer,2371.14,Against interest fear always.
B10416,C1004,2025-05-29,transfer,2873.97,Sure light film cell.
B10417,C1033,2024-03-18,transfer,239.59,Else instead specific find sound join.
B10418,C1050,2025-03-02,transfer,644.08,Conference lawyer care nor can wall two everybody.
B10419,C1044,2024-05-06,withdrawal,303.2,Above yet officer fish.
B10420,C1034,2023-10-07,transfer,4978.62,Owner main to color range.
B10421,C1032,2024-02-01,transfer,3417.95,Our week still true ability.
B10422,C1089,2025-07-13,withdrawal,4974.96,Right anyone until before.
B10423,C1097,2024-02-02,deposit,3824.86,Green together interview tend drive region unit.
B10424,C1066,2024-11-07,withdrawal,1961.06,Tv law cut subject morning pay interview Republican.
B10425,C1032,2023-12-28,deposit,624.18,Particular want meet support range common.
B10426,C1042,2025-06-01,deposit,2951.42,Firm perform partner time.
B10427,C1092,2025-06-01,transfer,3422.56,Political institution individual deal imagine indicate.
B10428,C1045,2025-03-02,deposit,4585.99,Rich beat rate or money.
B10429,C1019,2024-05-12,withdrawal,4238.77,Since training food low respond set.
B10430,C1001,2024-04-09,transfer,4090.98,Test morning article attack fast continue event.
B10431,C1072,2024-03-10,deposit,4763.92,Behind number alone join.
B10432,C1046,2023-11-07,withdrawal,3147.28,Part allow say project base capital significant.
B10433,C1041,2025-04-03,withdrawal,3924.79,Traditional goal deal western list note before southern.
B10434,C1076,2024-02-23,withdrawal,4937.98,Leg citizen owner economic both magazine mean.
B10435,C1000,2025-03-08,deposit,2864.58,Too design stay law.
B10436,C1056,2023-12-09,deposit,1739.66,Although skill me movement hand since.
B10437,C1001,2023-11-11,transfer,2428.04,Black reflect win while home deal important.
B10438,C1085,2024-02-04,transfer,3904.16,Require likely improve good.
B10439,C1095,2025-03-27,transfer,978.89,Father they hear very during.
B10440,C1070,2024-02-04,withdrawal,1429.6,Price trouble if example treatment together.
B10441,C1022,2024-01-11,transfer,890.8,Fish future property.
B10442,C1084,2025-07-12,transfer,829.14,Face station career.
B10443,C1014,2023-10-08,transfer,3179.04,No decade leave interest.
B10444,C1069,2024-10-17,transfer,1954.26,She statement lot past.
B10445,C1055,2025-05-26,withdrawal,1591.42,Research out I artist.
B10446,C1001,2025-06-10,withdrawal,3903.73,Put him local sing money.
B10447,C1091,2023-12-08,withdrawal,4733.96,Leg still fire take machine.
B10448,C1068,2025-07-13,transfer,2795.07,World visit which lead.
B10449,C1043,2025-01-26,deposit,3542.58,Base open scene today.
B10450,C1055,2023-11-06,deposit,4231.47,Significant debate front free long hot.
B10451,C1096,2024-01-30,transfer,818.9,Hot audience machine admit culture.
B10452,C1084,2024-02-03,transfer,4622.33,Final might before series hotel.
B10453,C1072,2024-01-15,withdrawal,1836.66,Two back better.
B10454,C1004,2024-12-09,transfer,4566.52,Authority hotel ever seek.
B10455,C1081,2025-01-06,transfer,4002.46,One quickly mission score stay question population.
B10456,C1097,2025-01-27,deposit,4504.08,Side after art tell idea accept.
B10457,C1046,2024-11-15,transfer,4908.68,You work each scene control standard.
B10458,C1020,2024-12-23,transfer,1012.82,Stage reach story case.
B10459,C1045,2024-03-30,transfer,3515.44,Record produce cause especially.
B10460,C1002,2024-09-02,transfer,3689.53,Practice century go east trip election.
B10461,C1073,2024-01-26,deposit,1408.64,Already employee grow ok physical who establish.
B10462,C1097,2024-07-10,withdrawal,435.73,Heavy stuff cover training product majority.
B10463,C1057,2025-03-14,deposit,3732.98,Another everything those whose choose.
B10464,C1057,2025-04-04,transfer,4480.05,Listen western treatment early wait agency change should.
B10465,C1090,2024-04-02,deposit,4792.12,Trouble image wind party.
B10466,C1021,2024-03-25,withdrawal,4621.62,Risk whether board.
B10467,C1054,2024-06-13,transfer,2003.97,Statement religious force us development section.
B10468,C1034,2024-09-30,withdrawal,2214.22,Effect mention fire minute decade.
B10469,C1096,2024-03-26,withdrawal,3067.96,Each technology hot tax her fly.
B10470,C1011,2025-01-30,withdrawal,199.17,Identify stand positive record wide suddenly.
B10471,C1001,2024-05-25,withdrawal,1053.8,Treatment challenge vote maintain suddenly eight clear.
B10472,C1050,2024-03-29,withdrawal,2206.28,Near future walk child loss our.
B10473,C1081,2024-06-29,transfer,3381.73,Enough accept stay much think.
B10474,C1089,2024-03-29,deposit,2934.31,Try wait side part west hold.
B10475,C1045,2024-08-25,transfer,677.73,Factor camera agree direction service ask behavior.
B10476,C1090,2024-05-01,withdrawal,1674.17,Front relate investment both.
B10477,C1003,2023-11-21,withdrawal,2394.94,Situation war way happy.
B10478,C1066,2023-11-02,deposit,255.85,Economic voice trial push simply research matter.
B10479,C1072,2024-04-03,withdrawal,1837.06,Decision sport pay somebody.
B10480,C1008,2025-06-22,deposit,3600.57,Draw opportunity station ability suffer professional tough.
B10481,C1085,2023-09-16,transfer,2381.96,Possible six life see past money generation.
B10482,C1040,2025-06-01,deposit,1608.27,I cause happen society meet.
B10483,C1016,2024-09-21,transfer,1411.66,Decade gun see individual.
B10484,C1085,2024-01-17,deposit,2998.53,Value team majority.
B10485,C1051,2023-10-04,withdrawal,2581.89,Over road some stay.
B10486,C1020,2025-08-18,deposit,4469.51,Sure statement number PM main but tend.
B10487,C1061,2023-10-11,transfer,3227.37,Home employee month fund cell change.
B10488,C1097,2025-03-22,transfer,281.23,Before training human bit finish center.
B10489,C1066,2024-07-01,deposit,4126.29,Executive weight group class argue create behavior.
B10490,C1088,2025-07-05,transfer,3501.72,Effort kitchen into data miss.
B10491,C1049,2024-08-21,deposit,1756.26,Machine candidate loss safe.
B10492,C1074,2024-06-08,deposit,449.61,Quality several red decision assume successful her however.
B10493,C1022,2024-10-14,withdrawal,1047.94,Along various century energy reduce old.
B10494,C1033,2025-06-24,withdrawal,3517.01,Simple between say statement stay performance Mrs.
B10495,C1032,2024-12-19,withdrawal,2611.31,Fly oil smile know board stuff.
B10496,C1058,2024-04-17,deposit,3795.53,Kind probably sound policy history blood.
B10497,C1057,2023-12-09,transfer,806.45,Machine computer Democrat common both piece region.
B10498,C1080,2024-05-30,transfer,925.98,Size offer consumer positive.
B10499,C1065,2024-08-11,deposit,4485.05,Development impact plant conference and.
